Campaign,Campaign Type,Networks,Budget,Budget type,Bid Strategy Type,Campaign Status,Location,Language,Ad Group,Ad Group Status,Max CPC,Keyword,Criterion Type,Final URL,Ad type,Headline 1,Headline 2,Headline 3,Headline 4,Headline 5,Headline 6,Headline 7,Headline 8,Headline 9,Headline 10,Headline 11,Headline 12,Headline 13,Headline 14,Headline 15,Headline 1 position,Description 1,Description 2,Description 3,Description 4,Path 1,Path 2,Status
G1 Search - IELTS Webinar,Search,Google search,600,Daily,Maximize clicks,Paused,India,en;hi,,,,,,,,,,,,,,,,,,,,,,,,,,,,,,
G1 Search - IELTS Webinar,,,,,,,,,Free webinar,Enabled,25,,,,,,,,,,,,,,,,,,,,,,,,,,,
G1 Search - IELTS Webinar,,,,,,,,,Free webinar,,,ielts free class,Phrase,,,,,,,,,,,,,,,,,,,,,,,,,Enabled
G1 Search - IELTS Webinar,,,,,,,,,Free webinar,,,free ielts webinar,Phrase,,,,,,,,,,,,,,,,,,,,,,,,,Enabled
G1 Search - IELTS Webinar,,,,,,,,,Free webinar,,,ielts free online class,Phrase,,,,,,,,,,,,,,,,,,,,,,,,,Enabled
G1 Search - IELTS Webinar,,,,,,,,,Free webinar,,,free ielts coaching online,Phrase,,,,,,,,,,,,,,,,,,,,,,,,,Enabled
G1 Search - IELTS Webinar,,,,,,,,,Free webinar,,,ielts free demo class,Phrase,,,,,,,,,,,,,,,,,,,,,,,,,Enabled
G1 Search - IELTS Webinar,,,,,,,,,Free webinar,,,free ielts preparation,Phrase,,,,,,,,,,,,,,,,,,,,,,,,,Enabled
G1 Search - IELTS Webinar,,,,,,,,,Free webinar,,,,,https://www.prepeve.com/webinar,Responsive search ad,Free IELTS Webinar,Free Live IELTS Session,"Sat & Sun, 7 PM IST",Find Where You Lose Marks,"60-Min Live Class, Free",Rated 4.7★ on Google,"15,000+ Students Trained",Know What to Fix First,Stuck at Band 6.5?,Reserve Your Free Seat,"Online, Join on Your Phone",Academic & General Training,No Payment Needed,Get Your Link on WhatsApp,Plan Your Band 7 Prep,1,Free 60-minute live IELTS session. See how examiners mark you and what to fix first.,"Every Sat & Sun, 7 PM IST. Join on your phone. Link sent on WhatsApp. No payment.","Rated 4.7★ on Google from 300+ reviews. 15,000+ students trained online.",Missed your band by 0.5? Learn which skill is costing you marks. Reserve your seat.,ielts,free-class,Enabled
G1 Search - IELTS Webinar,,,,,,,,,How to improve,Enabled,25,,,,,,,,,,,,,,,,,,,,,,,,,,,
G1 Search - IELTS Webinar,,,,,,,,,How to improve,,,how to get 7 in ielts,Phrase,,,,,,,,,,,,,,,,,,,,,,,,,Enabled
G1 Search - IELTS Webinar,,,,,,,,,How to improve,,,how to improve ielts score,Phrase,,,,,,,,,,,,,,,,,,,,,,,,,Enabled
G1 Search - IELTS Webinar,,,,,,,,,How to improve,,,ielts band 7 tips,Phrase,,,,,,,,,,,,,,,,,,,,,,,,,Enabled
G1 Search - IELTS Webinar,,,,,,,,,How to improve,,,ielts writing tips,Phrase,,,,,,,,,,,,,,,,,,,,,,,,,Enabled
G1 Search - IELTS Webinar,,,,,,,,,How to improve,,,ielts speaking tips,Phrase,,,,,,,,,,,,,,,,,,,,,,,,,Enabled
G1 Search - IELTS Webinar,,,,,,,,,How to improve,,,,,https://www.prepeve.com/webinar,Responsive search ad,Free IELTS Webinar,Free Live IELTS Session,"Sat & Sun, 7 PM IST",Find Where You Lose Marks,"60-Min Live Class, Free",Rated 4.7★ on Google,"15,000+ Students Trained",Know What to Fix First,Stuck at Band 6.5?,Reserve Your Free Seat,"Online, Join on Your Phone",Academic & General Training,No Payment Needed,Get Your Link on WhatsApp,Plan Your Band 7 Prep,1,Free 60-minute live IELTS session. See how examiners mark you and what to fix first.,"Every Sat & Sun, 7 PM IST. Join on your phone. Link sent on WhatsApp. No payment.","Rated 4.7★ on Google from 300+ reviews. 15,000+ students trained online.",Missed your band by 0.5? Learn which skill is costing you marks. Reserve your seat.,ielts,free-class,Enabled
G1 Search - IELTS Webinar,,,,,,,,,,,,pdf,Campaign Negative Phrase,,,,,,,,,,,,,,,,,,,,,,,,,Enabled
G1 Search - IELTS Webinar,,,,,,,,,,,,free download,Campaign Negative Phrase,,,,,,,,,,,,,,,,,,,,,,,,,Enabled
G1 Search - IELTS Webinar,,,,,,,,,,,,book pdf,Campaign Negative Phrase,,,,,,,,,,,,,,,,,,,,,,,,,Enabled
G1 Search - IELTS Webinar,,,,,,,,,,,,cambridge book,Campaign Negative Phrase,,,,,,,,,,,,,,,,,,,,,,,,,Enabled
G1 Search - IELTS Webinar,,,,,,,,,,,,answer key,Campaign Negative Phrase,,,,,,,,,,,,,,,,,,,,,,,,,Enabled
G1 Search - IELTS Webinar,,,,,,,,,,,,result,Campaign Negative Phrase,,,,,,,,,,,,,,,,,,,,,,,,,Enabled
G1 Search - IELTS Webinar,,,,,,,,,,,,results,Campaign Negative Phrase,,,,,,,,,,,,,,,,,,,,,,,,,Enabled
G1 Search - IELTS Webinar,,,,,,,,,,,,score check,Campaign Negative Phrase,,,,,,,,,,,,,,,,,,,,,,,,,Enabled
G1 Search - IELTS Webinar,,,,,,,,,,,,registration,Campaign Negative Phrase,,,,,,,,,,,,,,,,,,,,,,,,,Enabled
G1 Search - IELTS Webinar,,,,,,,,,,,,exam date,Campaign Negative Phrase,,,,,,,,,,,,,,,,,,,,,,,,,Enabled
G1 Search - IELTS Webinar,,,,,,,,,,,,exam fee,Campaign Negative Phrase,,,,,,,,,,,,,,,,,,,,,,,,,Enabled
G1 Search - IELTS Webinar,,,,,,,,,,,,test date,Campaign Negative Phrase,,,,,,,,,,,,,,,,,,,,,,,,,Enabled
G1 Search - IELTS Webinar,,,,,,,,,,,,idp login,Campaign Negative Phrase,,,,,,,,,,,,,,,,,,,,,,,,,Enabled
G1 Search - IELTS Webinar,,,,,,,,,,,,british council login,Campaign Negative Phrase,,,,,,,,,,,,,,,,,,,,,,,,,Enabled
G1 Search - IELTS Webinar,,,,,,,,,,,,slot booking,Campaign Negative Phrase,,,,,,,,,,,,,,,,,,,,,,,,,Enabled
G1 Search - IELTS Webinar,,,,,,,,,,,,job,Campaign Negative Phrase,,,,,,,,,,,,,,,,,,,,,,,,,Enabled
G1 Search - IELTS Webinar,,,,,,,,,,,,jobs,Campaign Negative Phrase,,,,,,,,,,,,,,,,,,,,,,,,,Enabled
G1 Search - IELTS Webinar,,,,,,,,,,,,vacancy,Campaign Negative Phrase,,,,,,,,,,,,,,,,,,,,,,,,,Enabled
G1 Search - IELTS Webinar,,,,,,,,,,,,salary,Campaign Negative Phrase,,,,,,,,,,,,,,,,,,,,,,,,,Enabled
G1 Search - IELTS Webinar,,,,,,,,,,,,trainer job,Campaign Negative Phrase,,,,,,,,,,,,,,,,,,,,,,,,,Enabled
G1 Search - IELTS Webinar,,,,,,,,,,,,teacher job,Campaign Negative Phrase,,,,,,,,,,,,,,,,,,,,,,,,,Enabled
G1 Search - IELTS Webinar,,,,,,,,,,,,franchise,Campaign Negative Phrase,,,,,,,,,,,,,,,,,,,,,,,,,Enabled
G1 Search - IELTS Webinar,,,,,,,,,,,,meaning,Campaign Negative Phrase,,,,,,,,,,,,,,,,,,,,,,,,,Enabled
G1 Search - IELTS Webinar,,,,,,,,,,,,full form,Campaign Negative Phrase,,,,,,,,,,,,,,,,,,,,,,,,,Enabled
G1 Search - IELTS Webinar,,,,,,,,,,,,pte,Campaign Negative Phrase,,,,,,,,,,,,,,,,,,,,,,,,,Enabled
G1 Search - IELTS Webinar,,,,,,,,,,,,toefl,Campaign Negative Phrase,,,,,,,,,,,,,,,,,,,,,,,,,Enabled
G1 Search - IELTS Webinar,,,,,,,,,,,,duolingo,Campaign Negative Phrase,,,,,,,,,,,,,,,,,,,,,,,,,Enabled
G1 Search - IELTS Webinar,,,,,,,,,,,,celpip,Campaign Negative Phrase,,,,,,,,,,,,,,,,,,,,,,,,,Enabled
G1 Search - IELTS Webinar,,,,,,,,,,,,oet,Campaign Negative Phrase,,,,,,,,,,,,,,,,,,,,,,,,,Enabled
G1 Search - IELTS Webinar,,,,,,,,,,,,french,Campaign Negative Phrase,,,,,,,,,,,,,,,,,,,,,,,,,Enabled
G1 Search - IELTS Webinar,,,,,,,,,,,,tef,Campaign Negative Phrase,,,,,,,,,,,,,,,,,,,,,,,,,Enabled
G1 Search - IELTS Webinar,,,,,,,,,,,,tcf,Campaign Negative Phrase,,,,,,,,,,,,,,,,,,,,,,,,,Enabled
G1 Search - IELTS Webinar,,,,,,,,,,,,delf,Campaign Negative Phrase,,,,,,,,,,,,,,,,,,,,,,,,,Enabled
G2 Search - IELTS Coaching,Search,Google search,600,Daily,Maximize clicks,Paused,India,en;hi,,,,,,,,,,,,,,,,,,,,,,,,,,,,,,
G2 Search - IELTS Coaching,,,,,,,,,Online coaching,Enabled,25,,,,,,,,,,,,,,,,,,,,,,,,,,,
G2 Search - IELTS Coaching,,,,,,,,,Online coaching,,,online ielts coaching,Phrase,,,,,,,,,,,,,,,,,,,,,,,,,Enabled
G2 Search - IELTS Coaching,,,,,,,,,Online coaching,,,ielts online classes,Phrase,,,,,,,,,,,,,,,,,,,,,,,,,Enabled
G2 Search - IELTS Coaching,,,,,,,,,Online coaching,,,ielts coaching online india,Phrase,,,,,,,,,,,,,,,,,,,,,,,,,Enabled
G2 Search - IELTS Coaching,,,,,,,,,Online coaching,,,best online ielts coaching,Phrase,,,,,,,,,,,,,,,,,,,,,,,,,Enabled
G2 Search - IELTS Coaching,,,,,,,,,Online coaching,,,ielts coaching near me,Phrase,,,,,,,,,,,,,,,,,,,,,,,,,Enabled
G2 Search - IELTS Coaching,,,,,,,,,Online coaching,,,ielts classes,Phrase,,,,,,,,,,,,,,,,,,,,,,,,,Enabled
G2 Search - IELTS Coaching,,,,,,,,,Online coaching,,,ielts coaching,Phrase,,,,,,,,,,,,,,,,,,,,,,,,,Enabled
G2 Search - IELTS Coaching,,,,,,,,,Online coaching,,,,,https://www.prepeve.com/book-demo,Responsive search ad,Online IELTS Coaching,Free IELTS Assessment Class,Live Online IELTS Classes,Trainer Marks Every Essay,1-on-1 Speaking Mocks,Rated 4.7★ on Google,"15,000+ Students Trained","Plans From ₹4,999",Book Your Free Class,Find Your Score Gaps,Academic & General Training,IELTS Coaching for Canada PR,Join From Anywhere in India,WhatsApp Doubt Support,5 Full-Length Mock Tests,1,Live online IELTS coaching. A trainer finds where you lose marks and fixes them with you.,Free assessment class: your level checked and a study plan to keep. No payment.,Every essay marked by a trainer. 1-on-1 speaking mocks. 5 full mock tests.,"Plans from ₹4,999. Rated 4.7★ on Google from 300+ reviews. Book on WhatsApp.",ielts,coaching,Enabled
G2 Search - IELTS Coaching,,,,,,,,,Canada PR,Enabled,25,,,,,,,,,,,,,,,,,,,,,,,,,,,
G2 Search - IELTS Coaching,,,,,,,,,Canada PR,,,ielts general training coaching,Phrase,,,,,,,,,,,,,,,,,,,,,,,,,Enabled
G2 Search - IELTS Coaching,,,,,,,,,Canada PR,,,ielts coaching for canada pr,Phrase,,,,,,,,,,,,,,,,,,,,,,,,,Enabled
G2 Search - IELTS Coaching,,,,,,,,,Canada PR,,,ielts for canada pr,Phrase,,,,,,,,,,,,,,,,,,,,,,,,,Enabled
G2 Search - IELTS Coaching,,,,,,,,,Canada PR,,,,,https://www.prepeve.com/book-demo,Responsive search ad,Online IELTS Coaching,Free IELTS Assessment Class,Live Online IELTS Classes,Trainer Marks Every Essay,1-on-1 Speaking Mocks,Rated 4.7★ on Google,"15,000+ Students Trained","Plans From ₹4,999",Book Your Free Class,Find Your Score Gaps,Academic & General Training,IELTS Coaching for Canada PR,Join From Anywhere in India,WhatsApp Doubt Support,5 Full-Length Mock Tests,1,Live online IELTS coaching. A trainer finds where you lose marks and fixes them with you.,Free assessment class: your level checked and a study plan to keep. No payment.,Every essay marked by a trainer. 1-on-1 speaking mocks. 5 full mock tests.,"Plans from ₹4,999. Rated 4.7★ on Google from 300+ reviews. Book on WhatsApp.",ielts,coaching,Enabled
G2 Search - IELTS Coaching,,,,,,,,,,,,pdf,Campaign Negative Phrase,,,,,,,,,,,,,,,,,,,,,,,,,Enabled
G2 Search - IELTS Coaching,,,,,,,,,,,,free download,Campaign Negative Phrase,,,,,,,,,,,,,,,,,,,,,,,,,Enabled
G2 Search - IELTS Coaching,,,,,,,,,,,,book pdf,Campaign Negative Phrase,,,,,,,,,,,,,,,,,,,,,,,,,Enabled
G2 Search - IELTS Coaching,,,,,,,,,,,,cambridge book,Campaign Negative Phrase,,,,,,,,,,,,,,,,,,,,,,,,,Enabled
G2 Search - IELTS Coaching,,,,,,,,,,,,answer key,Campaign Negative Phrase,,,,,,,,,,,,,,,,,,,,,,,,,Enabled
G2 Search - IELTS Coaching,,,,,,,,,,,,result,Campaign Negative Phrase,,,,,,,,,,,,,,,,,,,,,,,,,Enabled
G2 Search - IELTS Coaching,,,,,,,,,,,,results,Campaign Negative Phrase,,,,,,,,,,,,,,,,,,,,,,,,,Enabled
G2 Search - IELTS Coaching,,,,,,,,,,,,score check,Campaign Negative Phrase,,,,,,,,,,,,,,,,,,,,,,,,,Enabled
G2 Search - IELTS Coaching,,,,,,,,,,,,registration,Campaign Negative Phrase,,,,,,,,,,,,,,,,,,,,,,,,,Enabled
G2 Search - IELTS Coaching,,,,,,,,,,,,exam date,Campaign Negative Phrase,,,,,,,,,,,,,,,,,,,,,,,,,Enabled
G2 Search - IELTS Coaching,,,,,,,,,,,,exam fee,Campaign Negative Phrase,,,,,,,,,,,,,,,,,,,,,,,,,Enabled
G2 Search - IELTS Coaching,,,,,,,,,,,,test date,Campaign Negative Phrase,,,,,,,,,,,,,,,,,,,,,,,,,Enabled
G2 Search - IELTS Coaching,,,,,,,,,,,,idp login,Campaign Negative Phrase,,,,,,,,,,,,,,,,,,,,,,,,,Enabled
G2 Search - IELTS Coaching,,,,,,,,,,,,british council login,Campaign Negative Phrase,,,,,,,,,,,,,,,,,,,,,,,,,Enabled
G2 Search - IELTS Coaching,,,,,,,,,,,,slot booking,Campaign Negative Phrase,,,,,,,,,,,,,,,,,,,,,,,,,Enabled
G2 Search - IELTS Coaching,,,,,,,,,,,,job,Campaign Negative Phrase,,,,,,,,,,,,,,,,,,,,,,,,,Enabled
G2 Search - IELTS Coaching,,,,,,,,,,,,jobs,Campaign Negative Phrase,,,,,,,,,,,,,,,,,,,,,,,,,Enabled
G2 Search - IELTS Coaching,,,,,,,,,,,,vacancy,Campaign Negative Phrase,,,,,,,,,,,,,,,,,,,,,,,,,Enabled
G2 Search - IELTS Coaching,,,,,,,,,,,,salary,Campaign Negative Phrase,,,,,,,,,,,,,,,,,,,,,,,,,Enabled
G2 Search - IELTS Coaching,,,,,,,,,,,,trainer job,Campaign Negative Phrase,,,,,,,,,,,,,,,,,,,,,,,,,Enabled
G2 Search - IELTS Coaching,,,,,,,,,,,,teacher job,Campaign Negative Phrase,,,,,,,,,,,,,,,,,,,,,,,,,Enabled
G2 Search - IELTS Coaching,,,,,,,,,,,,franchise,Campaign Negative Phrase,,,,,,,,,,,,,,,,,,,,,,,,,Enabled
G2 Search - IELTS Coaching,,,,,,,,,,,,meaning,Campaign Negative Phrase,,,,,,,,,,,,,,,,,,,,,,,,,Enabled
G2 Search - IELTS Coaching,,,,,,,,,,,,full form,Campaign Negative Phrase,,,,,,,,,,,,,,,,,,,,,,,,,Enabled
G2 Search - IELTS Coaching,,,,,,,,,,,,pte,Campaign Negative Phrase,,,,,,,,,,,,,,,,,,,,,,,,,Enabled
G2 Search - IELTS Coaching,,,,,,,,,,,,toefl,Campaign Negative Phrase,,,,,,,,,,,,,,,,,,,,,,,,,Enabled
G2 Search - IELTS Coaching,,,,,,,,,,,,duolingo,Campaign Negative Phrase,,,,,,,,,,,,,,,,,,,,,,,,,Enabled
G2 Search - IELTS Coaching,,,,,,,,,,,,celpip,Campaign Negative Phrase,,,,,,,,,,,,,,,,,,,,,,,,,Enabled
G2 Search - IELTS Coaching,,,,,,,,,,,,oet,Campaign Negative Phrase,,,,,,,,,,,,,,,,,,,,,,,,,Enabled
G2 Search - IELTS Coaching,,,,,,,,,,,,french,Campaign Negative Phrase,,,,,,,,,,,,,,,,,,,,,,,,,Enabled
G2 Search - IELTS Coaching,,,,,,,,,,,,tef,Campaign Negative Phrase,,,,,,,,,,,,,,,,,,,,,,,,,Enabled
G2 Search - IELTS Coaching,,,,,,,,,,,,tcf,Campaign Negative Phrase,,,,,,,,,,,,,,,,,,,,,,,,,Enabled
G2 Search - IELTS Coaching,,,,,,,,,,,,delf,Campaign Negative Phrase,,,,,,,,,,,,,,,,,,,,,,,,,Enabled
